,0,1,2,3,4,5,6,7,8,9,10,11,12,13,14,15,16,17,18,19,20,21,22,23,24
0,"[  9.99995263e+01   4.16756053e-01   4.41316816e-05   1.54419685e-01
   9.97645680e-01   9.81162582e-01   9.99288431e+00   2.66262045e-02
   1.07188730e-01   2.49939124e+01   1.04168535e-02   5.00000027e+04
   2.29722621e+01   3.33322978e+02   9.72767090e-03]","[  9.99036551e+01   5.83305446e-01   3.50874570e-05   2.60418915e-01
   9.61855241e-01   1.71047238e+00   4.88495986e+00   7.93313688e-02
   1.82305547e-01   1.33110740e+01   2.82005891e-01   4.99977041e+04
   2.03692904e+01   3.35379401e+02   1.39059766e-02]","[  9.99784539e+01   4.30571298e-01   3.83520854e-05   1.44760812e-01
   9.88170743e-01   2.11102264e+00   1.62703924e+00   1.57531103e-01
   1.31612407e-01   1.14020813e+01   5.93205053e-01   4.99992487e+04
   1.59158836e+01   3.45812494e+02   1.44418862e-02]","[  9.99998497e+01   3.00212594e-01   6.60665563e-05   4.98686694e-02
   9.99980279e-01   1.00008937e+00   1.00000062e+01   1.37536819e-02
   9.99346183e-02   2.49999811e+01   1.06197405e-02   4.99999999e+04
   2.30000052e+01   3.33333340e+02   9.98576932e-03]","[  1.01124693e+02   4.07999497e-01   1.04308623e-04   5.08537871e-02
   1.03647385e+00   3.32240070e+00   3.38173861e-01   6.26983454e-01
   9.98497816e-02   1.95737120e+01   8.46595076e-01   5.01016104e+04
   1.15159875e+01   3.60577939e+02   2.79740027e-03]","[  9.92162202e+01   1.29918768e+00   3.20608466e-05   4.41805612e-01
   6.18538282e-01   7.92067212e-04   1.03788893e+01   5.09509134e-02
   2.04434590e-01   2.53639163e+01   3.43255617e-02   5.00218031e+04
   2.09450126e+01   3.32949422e+02   2.34325798e-03]","[  9.41535470e+01   3.39632567e-01   9.65012282e-05   5.14063763e-02
   1.12176130e+00   1.34655370e+00   4.47982356e+00   1.01591240e-01
   1.76859063e-01   1.20653359e+01   2.56766530e-01   5.03797689e+04
   1.71446913e+01   3.14776744e+02   1.00140402e-03]","[  9.99876371e+01   4.62972185e-01   4.10143562e-05   1.20801361e-01
   9.98962784e-01   1.98116894e+00   1.48238130e+00   8.94653718e-02
   9.53602177e-02   9.29348786e+00   7.82291429e-01   4.99991572e+04
   1.59734812e+01   3.41884489e+02   1.40518045e-02]","[  9.99794838e+01   2.94729152e-01   1.06243157e-04   4.84718500e-02
   9.89402683e-01   9.89547763e-01   9.99122037e+00   2.91434741e-02
   1.01555273e-01   2.49948909e+01   2.66005002e-02   4.99999753e+04
   2.29991438e+01   3.33330079e+02   1.04091475e-02]","[  9.96375096e+01   6.05313950e-01   4.44031697e-05   1.41128897e-01
   1.02116360e+00   1.12806206e+00   4.72597156e-01   3.47707820e-01
   1.16587208e-01   2.31835196e+01   1.23131787e+00   5.00316950e+04
   2.05821226e+01   3.67646335e+02   2.80278046e-02]","[  9.99999177e+01   3.21056063e-01   7.13207037e-05   4.90306482e-02
   1.00672069e+00   1.00681537e+00   1.00203121e+01   1.68199216e-02
   1.21667690e-01   2.50006889e+01   2.21858584e-02   5.00000062e+04
   2.30124544e+01   3.33333447e+02   1.05337309e-02]","[  9.99998119e+01   3.00271340e-01   7.26395449e-05   4.98410371e-02
   9.99993390e-01   1.00012779e+00   1.00000079e+01   1.69377744e-02
   9.99116578e-02   2.49999915e+01   1.10089632e-02   4.99999998e+04
   2.30000071e+01   3.33333336e+02   1.00007572e-02]","[  1.00520579e+02   2.78026314e-01   2.19288388e-04   6.35200022e-02
   1.00389099e+00   5.48849881e+00   1.51679301e+01   6.07086047e-02
   8.09606140e-02   1.69569655e+01   5.42476581e-01   4.99978277e+04
   1.39417700e+01   2.43762109e+02   2.64978494e-01]","[  9.99188679e+01   5.98218360e-01   2.57305583e-05   2.60019525e-01
   9.92883225e-01   1.04231271e-01   1.03634217e+01   4.37691173e-02
   1.17684351e-01   6.46144668e+01   2.59418617e-01   4.99907966e+04
   1.36354685e+01   2.33146084e+02   1.19214065e-01]","[  1.00177349e+02   6.83565897e-01   4.43707156e-05   1.13035044e-01
   9.56451851e-01   3.92384546e-01   1.60038863e+01   1.57883714e-02
   1.21275918e-01   2.76020929e+01   3.09312192e-01   5.02448475e+04
   1.38219259e+01   3.34001784e+02   1.38228911e-02]","[  1.05376474e+02   7.56576244e-01   3.32226624e-05   1.86841511e-01
   1.19400044e+00   2.11001179e+00   6.26601170e+00   7.30773926e-02
   2.05171192e-01   2.86933913e+00   1.16502080e+00   4.98457129e+04
   9.93362972e+00   3.42621921e+02   1.11690331e-01]","[  9.96011403e+01   8.09286150e-01   8.77858983e-05   1.13386815e-01
   1.00930998e+00   1.00873934e-01   1.09460342e+01   3.40139929e-02
   1.40844858e-01   2.54632465e+01   7.95633205e-01   5.00066174e+04
   2.23945395e+01   3.33375137e+02   2.26838651e-02]","[  7.50227937e+01   7.68179767e-01   1.20145713e-04   7.25547912e-02
   7.22136066e-01   1.17573578e+00   5.16212219e-01   2.64692214e-01
   1.06392217e-01   3.56456139e+01   2.65345125e-01   4.48432849e+04
   1.40421059e+01   4.94223586e+02   6.32819162e-03]","[  9.98895649e+01   3.05675758e-01   2.54473376e-04   3.54782672e-02
   1.15656740e+00   7.84676144e-01   2.19952615e-01   1.50696203e-06
   3.54173113e-04   4.59875697e+01   2.68364658e-01   4.93516885e+04
   2.29198301e+01   3.71775525e+02   1.28443771e-03]","[  1.00001237e+02   3.14089214e-01   1.22888820e-04   9.71053645e-02
   1.00035589e+00   9.97635368e-01   9.99413965e+00   4.65086594e-02
   6.46814059e-02   2.49950040e+01   1.43762187e-02   5.00000089e+04
   2.29944520e+01   3.33329447e+02   1.15483902e-02]","[  8.25803941e+01   7.00860296e-01   1.22859096e-04   7.50632506e-02
   1.49409172e+00   2.11677530e+00   4.36140683e+00   2.20832088e-02
   8.96674190e-02   3.99077460e+00   1.82811078e-01   5.10292119e+04
   1.75582655e+01   3.67504698e+02   2.06476536e-02]","[  9.99071232e+01   7.31156078e-01   6.88231376e-05   1.73376848e-01
   1.07236682e+00   4.72696155e-02   9.53398556e+00   1.04616413e-01
   2.46689229e-01   2.49291059e+01   6.27712332e-01   4.99936846e+04
   1.98849582e+01   3.33544551e+02   1.30639537e-01]","[  9.80417874e+01   5.67725778e-01   2.79385563e-04   5.69616063e-02
   2.19726654e+00   1.13300765e-01   8.90366977e+00   1.38258380e-01
   2.08725169e-01   2.51699063e+01   7.47886361e-01   5.00049059e+04
   2.26258360e+01   3.20607040e+02   4.68683020e-01]","[  1.00000519e+02   4.39301751e-01   9.11691137e-05   4.99901696e-02
   9.99669746e-01   2.16883734e+00   1.00640944e+00   2.39680115e-02
   1.00000442e-01   9.03331822e+00   7.28604831e-01   5.00012801e+04
   1.50280599e+01   3.58848587e+02   1.00046872e-02]","[  9.99767124e+01   2.87118062e-01   1.28584761e-04   4.18848972e-02
   9.98975628e-01   9.86854366e-01   9.99923576e+00   2.98137715e-02
   9.53333539e-02   2.49996821e+01   6.43441227e-03   4.99999908e+04
   2.29995079e+01   3.33312877e+02   9.44710639e-03]"
1,"[  9.25854996e+01   7.15347897e-01   2.45820741e-05   3.69675951e-01
   5.51086554e-03   2.53772852e+01   8.17528264e-03   9.22731904e-02
   2.12939480e+01   9.16010912e-02   4.95944440e+04   2.52150376e+01
   3.49982249e+02   2.45618356e-02]","[  9.98385265e+01   4.32864190e-01   1.35631532e-03   4.44771645e-03
   1.93469620e+00   1.92065456e-01   4.91965290e-02   6.13094128e-02
   2.36769352e+01   4.31831573e-01   4.99998982e+04   1.58178420e+01
   3.34355040e+02   6.82390905e-04]","[  9.99996766e+01   3.03144889e-01   1.63727905e-04   3.80204646e-02
   1.00172557e+00   1.00036278e+01   2.56508121e-02   7.35427732e-02
   2.49973231e+01   2.13427918e-02   4.99999998e+04   2.30008526e+01
   3.33333301e+02   9.79504931e-03]","[  9.99998558e+01   3.00229391e-01   6.79097952e-05   4.98710181e-02
   1.00009963e+00   1.00000060e+01   1.36724804e-02   9.99376542e-02
   2.49999963e+01   1.06168309e-02   4.99999999e+04   2.30000058e+01
   3.33333340e+02   9.98562230e-03]","[  9.99596738e+01   4.65528379e-01   1.65495814e-04   3.84103205e-02
   1.94348386e+00   4.26519674e-01   1.38577012e-01   2.26663410e-02
   2.29732114e+01   5.24473775e-01   5.00016964e+04   1.48224005e+01
   3.35352129e+02   1.92343380e-02]","[  1.00004177e+02   3.37550042e-01   6.09946635e-05   6.59307469e-02
   3.80060893e-03   2.02000126e+01   1.43461780e-02   5.37646967e-02
   3.79521451e+01   5.75775497e-03   5.00149303e+04   1.08637097e+01
   2.82540183e+02   3.36792181e-02]","[  9.86053194e+01   9.32226087e-01   2.56281786e-05   3.08518920e-01
   1.57846798e+00   6.06033487e-01   3.44603896e-01   1.21550408e-01
   2.29083958e+01   1.04912192e+00   5.00019697e+04   1.27723788e+01
   2.81398882e+02   3.20013106e-02]","[  9.95001517e+01   5.00629859e-01   5.67056244e-05   9.05481364e-02
   1.98870358e+00   6.58212437e-01   2.48432204e-01   1.06279812e-01
   2.04487810e+01   1.65586633e+00   5.00087629e+04   1.45896779e+01
   3.34404375e+02   3.25701309e-02]","[  1.00003969e+02   2.98374184e-01   1.11174380e-04   4.80026747e-02
   1.00133857e+00   9.99959986e+00   2.94907352e-02   1.00040343e-01
   2.49990276e+01   1.49638280e-02   5.00000030e+04   2.29977305e+01
   3.33332695e+02   1.29663963e-02]","[  9.16578965e+01   5.27804189e-01   1.78360125e-04   3.40913565e-02
   1.80296886e+00   3.52478371e-01   2.29921231e-01   4.34435703e-02
   2.24630371e+01   3.11899374e-01   4.88895143e+04   1.41517327e+01
   3.51044661e+02   7.13986152e-03]","[  9.99929721e+01   3.28141806e-01   8.89539551e-05   4.26645669e-02
   9.87828872e-01   9.99468516e+00   2.11595468e-02   1.36177041e-01
   2.49985437e+01   1.89415435e-02   4.99999996e+04   2.29932438e+01
   3.33333423e+02   9.36188313e-03]","[  1.00011118e+02   4.12108968e-01   1.00290317e-04   4.94622541e-02
   1.49027518e+00   6.61867231e+00   1.84682359e-02   9.93008023e-02
   2.14492085e+01   3.93049345e-01   4.99993689e+04   2.01054583e+01
   3.32962278e+02   7.48443229e-02]","[  1.04898055e+02   3.56507842e-01   4.84786942e-05   1.13271866e-01
   2.35386185e+00   2.17903632e+00   1.31248242e-01   7.96135496e-02
   2.91580723e+01   3.51988087e-01   4.86750450e+04   1.31626869e+01
   3.01237582e+02   1.12618610e-01]","[  9.11564118e+01   4.05532343e-01   4.46579082e-05   1.53301221e-01
   6.55862127e-03   2.06854041e+01   1.28188898e-02   9.94622807e-02
   2.41381743e+01   2.33288301e-02   4.98285234e+04   2.68600371e+01
   3.54158768e+02   3.47509392e-02]","[  1.00029989e+02   5.42975109e-01   2.86454624e-05   3.16363945e-01
   2.60350536e-02   1.97812440e+01   3.17521751e-02   2.15304148e-01
   2.62821099e+01   1.51539142e-01   4.99988488e+04   2.74774873e+01
   3.05618830e+02   4.49655769e-03]","[  9.99425984e+01   4.97570295e-01   3.46172700e-05   1.66295090e-01
   1.95686640e+00   4.82706017e-01   1.95241236e-01   4.89287409e-02
   2.32827786e+01   5.23387873e-01   5.00001320e+04   1.49208738e+01
   3.29725974e+02   3.27566106e-03]","[  9.99983182e+01   2.63778246e-01   1.66706035e-04   2.96156531e-02
   4.52361931e-03   1.81429617e+01   1.76418210e-02   7.79415909e-02
   3.18827089e+01   5.63865888e-02   4.99997874e+04   2.28974423e+01
   3.61060037e+02   1.00030460e-02]","[  9.99025594e+01   7.30876438e-01   4.45567652e-05   2.87551557e-01
   8.29523621e-02   2.05013412e+01   1.57538108e-02   8.60930437e-02
   1.90799124e+01   3.70023221e-02   5.00004083e+04   2.29455535e+01
   4.01465643e+02   1.02572094e-02]","[  1.03323477e+02   4.23560185e-01   4.74202349e-05   2.53146643e-01
   5.26249590e-02   2.08584326e+01   8.38256808e-03   2.75767375e-02
   1.92578254e+01   4.66560935e-02   4.92829296e+04   2.25717375e+01
   3.71240079e+02   8.21782066e-02]","[  1.00001046e+02   3.14801465e-01   1.19074840e-04   9.83336687e-02
   9.97540357e-01   9.99513036e+00   4.68614443e-02   6.67652958e-02
   2.49989240e+01   1.48845526e-02   5.00000084e+04   2.29959098e+01
   3.33331927e+02   1.08342293e-02]","[  1.01361329e+02   3.87652509e-01   3.32242136e-04   4.62684923e-02
   1.29838035e+01   6.06512341e-01   1.88094803e-01   4.24236948e-01
   1.39113817e+01   1.25752034e+00   4.97945284e+04   1.44157405e+01
   3.51228288e+02   4.13465882e-01]","[  9.99207627e+01   4.97641835e-01   1.77132064e-04   2.68619559e-02
   1.79818444e+00   4.03092866e-01   1.00412290e-01   1.20282535e-02
   2.49045083e+01   5.49581559e-01   4.99945458e+04   8.63030664e+00
   3.57397773e+02   2.10580850e-02]","[  1.00007549e+02   3.02803993e-01   1.46214067e-04   4.02717368e-02
   4.12893637e-03   2.16075491e+01   1.68618419e-02   6.23786327e-02
   2.82405778e+01   4.13338940e-02   5.00027510e+04   1.67072796e+01
   3.08358326e+02   9.80000776e-03]","[  9.99998129e+01   3.00286522e-01   8.69535432e-05   4.98555702e-02
   1.00012186e+00   1.00000087e+01   1.78787444e-02   9.99076353e-02
   2.49999958e+01   1.08981294e-02   4.99999999e+04   2.30000068e+01
   3.33333334e+02   9.99807668e-03]","[  1.00010533e+02   3.04096594e-01   1.27730787e-04   4.38457934e-02
   1.00579039e+00   1.00011152e+01   2.82707692e-02   9.33077439e-02
   2.49999374e+01   3.97964619e-02   5.00000163e+04   2.29992645e+01
   3.33332027e+02   1.01712548e-02]"
2,"[  1.00200401e+02   7.76211283e-01   5.31693008e-04   1.70941865e-02
   1.43805641e+00   6.92728892e+00   1.48377186e-03   5.49378674e-02
   2.63478251e+01   1.10566015e+01   4.99998417e+04   1.86491831e+01
   3.02826313e+02   9.73952914e-03]","[  9.99996088e+01   3.02949469e-01   8.82576888e-05   7.76984926e-02
   9.98972097e-01   9.99865560e+00   2.66108849e-02   6.78705026e-02
   2.49994716e+01   1.00513760e-02   4.99999998e+04   2.29962716e+01
   3.33332253e+02   9.90004230e-03]","[  9.99997809e+01   3.00297488e-01   9.03034186e-05   4.98346401e-02
   1.00016882e+00   1.00000113e+01   1.92414323e-02   9.99025993e-02
   2.50000005e+01   1.00764221e-02   4.99999998e+04   2.30000083e+01
   3.33333334e+02   9.99756642e-03]","[  1.00004503e+02   2.76748463e-01   8.77960725e-05   4.95165340e-02
   9.97002015e-01   9.99982199e+00   2.48886688e-02   9.91985369e-02
   2.49998682e+01   1.13790002e-02   5.00000149e+04   2.29993046e+01
   3.33333096e+02   9.73075323e-03]","[  9.99998078e+01   3.00215790e-01   8.04668876e-05   4.98508621e-02
   1.00014962e+00   1.00000043e+01   1.75182215e-02   9.99547421e-02
   2.49999998e+01   1.00248694e-02   4.99999999e+04   2.30000065e+01
   3.33333333e+02   9.99863253e-03]","[  9.99555512e+01   5.92075366e-01   3.35439595e-04   2.82386560e-02
   1.18540804e+00   1.03175775e+01   1.87896562e-06   2.79219791e-02
   2.49858997e+01   8.76585949e+00   4.99996994e+04   2.34628127e+01
   3.33412978e+02   4.56325052e-06]","[  9.99997340e+01   3.00195967e-01   1.05468453e-04   4.98207425e-02
   1.00023760e+00   1.00000032e+01   2.87489815e-02   9.99635353e-02
   2.49999994e+01   1.00359869e-02   4.99999998e+04   2.30000079e+01
   3.33333334e+02   9.99636517e-03]","[  1.00269462e+02   3.81309138e-01   1.50463345e-04   5.61012728e-02
   8.09444588e-01   9.99768610e+00   3.65403840e-02   8.92551115e-02
   2.49982965e+01   1.71809213e-02   5.00003844e+04   2.29857906e+01
   3.33314884e+02   5.82431243e-02]","[  9.99998262e+01   3.00204766e-01   7.48256736e-05   4.98551929e-02
   1.00013812e+00   1.00000035e+01   1.58808701e-02   9.99631573e-02
   2.49999998e+01   1.00216761e-02   4.99999999e+04   2.30000063e+01
   3.33333333e+02   9.93286330e-03]","[  9.99998034e+01   3.00224863e-01   7.96785856e-05   4.98473010e-02
   1.00015253e+00   1.00000044e+01   1.78840159e-02   9.99531326e-02
   2.49999994e+01   1.00251477e-02   4.99999998e+04   2.30000067e+01
   3.33333333e+02   9.99857424e-03]","[  9.99997705e+01   3.00479526e-01   1.03679369e-04   4.31469434e-02
   1.00042529e+00   1.00009110e+01   2.22766439e-02   9.82064924e-02
   2.49998964e+01   1.05769927e-02   4.99999998e+04   2.30005437e+01
   3.33333343e+02   9.95526418e-03]","[  9.99998371e+01   3.00204894e-01   7.49999541e-05   4.98665505e-02
   1.00011385e+00   1.00000050e+01   1.35097395e-02   9.99483999e-02
   2.49999997e+01   1.00357444e-02   4.99999999e+04   2.30000058e+01
   3.33333335e+02   9.90420526e-03]","[  9.99997809e+01   3.00231965e-01   8.77057134e-05   4.98374550e-02
   1.00017195e+00   1.00000052e+01   2.02932033e-02   9.99441692e-02
   2.49999997e+01   1.00284807e-02   4.99999998e+04   2.30000072e+01
   3.33333373e+02   9.87446723e-03]","[  1.00289374e+02   5.98567514e-01   1.28891249e-04   5.59759687e-02
   5.44431532e-01   9.82915502e+00   9.30958877e-03   5.33121303e-02
   2.49944950e+01   5.90296449e-01   4.99999786e+04   2.26336661e+01
   3.32925610e+02   3.73323026e-02]","[  9.98414071e+01   6.96781209e-01   1.48272681e-04   6.10712643e-02
   9.10903070e-01   9.99517859e+00   1.91763435e-02   1.10909808e-01
   2.49821419e+01   1.20789858e-01   5.00006616e+04   2.29709047e+01
   3.33335932e+02   2.34802624e-03]","[  9.97193263e+01   7.71470613e-01   1.44094770e-04   6.23139009e-02
   5.70416145e-01   3.11834609e+00   1.32729626e-01   2.22706813e-01
   2.49626424e+01   2.52649029e+01   5.00005108e+04   2.39063032e+01
   3.51782873e+02   5.37447607e-02]","[  9.99997206e+01   3.00247974e-01   1.18004036e-04   4.97874194e-02
   1.00024343e+00   1.00000035e+01   2.74914784e-02   9.99641266e-02
   2.49999997e+01   1.00350771e-02   4.99999998e+04   2.30000093e+01
   3.33333334e+02   9.99811228e-03]","[  9.99987740e+01   3.04521321e-01   1.73003945e-04   9.47376458e-02
   1.00026203e+00   9.99705344e+00   5.35411974e-02   5.03113343e-02
   2.49993674e+01   1.11904219e-02   4.99999994e+04   2.29969867e+01
   3.33332942e+02   1.01881271e-02]","[  1.00016333e+02   4.45799887e-01   1.21989611e-04   1.01070025e-01
   9.77179145e-01   9.99565055e+00   2.51735354e-02   4.98511346e-02
   2.49994279e+01   1.19423551e-02   5.00000568e+04   2.29943327e+01
   3.33330751e+02   8.20993938e-03]","[  9.81386690e+01   1.35450703e+00   9.39746355e-04   6.54821537e-02
   6.18609916e-01   9.52977612e+00   1.49341683e-02   1.26950290e-02
   2.49755208e+01   2.70524501e+00   5.00421109e+04   1.75592138e+01
   3.34144634e+02   9.27956057e-03]","[  9.88309554e+01   7.89036164e-01   1.15723946e-04   6.68853251e-02
   9.06961995e-01   1.14811759e+01   3.31219954e-02   1.77666285e-01
   1.22493343e+01   1.32060615e+01   5.00180534e+04   1.61100441e+01
   3.52530154e+02   3.62833397e-02]","[  9.94920969e+01   2.51706064e-01   3.21387923e-05   5.06487366e-02
   7.60123113e-03   9.51680265e+00   2.67249076e-02   1.08831257e-01
   2.50335788e+01   1.02027012e+01   5.00035915e+04   1.33267282e+01
   3.37403330e+02   3.04695913e-05]","[  1.00059695e+02   4.02722126e-01   5.58596168e-05   5.29859408e-02
   4.92237393e-01   1.27750024e+01   1.17992739e-01   1.03601548e-01
   2.35600978e+01   2.49448622e+00   5.08124341e+04   2.52399037e+00
   3.54981277e+02   4.60609814e-03]","[  9.99997619e+01   3.00306039e-01   8.56205206e-05   4.98317308e-02
   1.00015345e+00   1.00000089e+01   1.88118135e-02   9.99064621e-02
   2.49999996e+01   1.00423681e-02   4.99999998e+04   2.30000074e+01
   3.33333334e+02   9.99766456e-03]","[  9.99997355e+01   3.00348309e-01   8.49340735e-05   4.98158793e-02
   1.00016504e+00   1.00000103e+01   2.03421796e-02   9.98919576e-02
   2.49999996e+01   1.00454084e-02   4.99999998e+04   2.30000081e+01
   3.33333334e+02   9.99733830e-03]"
3,"[  9.99999983e+01   3.00002147e-01   4.35274999e-06   1.00000139e+00
   1.00000000e+01   1.17374520e-03   9.99997763e-02   2.49999999e+01
   1.00053248e-02   5.00000000e+04   2.30000001e+01   3.33333333e+02
   1.00006591e-02]","[  9.87455630e+01   6.73387087e-01   1.03173583e-05   8.05613996e-03
   1.51417530e+00   1.06324243e-01   1.00399431e-01   2.59169566e+01
   1.15751326e+00   4.89678874e+04   3.46200702e+01   2.78425579e+02
   2.53199671e-05]","[  9.99988039e+01   4.10965017e-01   4.66242392e-06   2.78814506e+00
   6.32661665e+00   2.88088361e-02   9.99995089e-02   2.50000041e+01
   7.93813118e-01   5.00002786e+04   1.25158311e+01   3.61768660e+02
   9.99922814e-03]","[  9.99999969e+01   3.00003785e-01   3.69981715e-06   1.00000263e+00
   1.00000000e+01   1.32514459e-03   9.99995797e-02   2.49999999e+01
   1.00100506e-02   5.00000000e+04   2.30000001e+01   3.33333333e+02
   1.00014487e-02]","[  9.99999968e+01   3.00003708e-01   3.91095755e-06   1.00000268e+00
   1.00000000e+01   1.34020054e-03   9.99995600e-02   2.49999999e+01
   1.00105400e-02   5.00000000e+04   2.30000001e+01   3.33333333e+02
   1.00008829e-02]","[  1.00005878e+02   6.73426749e-01   2.92506798e-06   6.73176797e-01
   1.05836835e+02   1.29290293e-02   9.99831892e-02   2.50000758e+01
   8.91411992e-01   4.99934735e+04   1.45682945e+00   1.99166693e+02
   1.00124217e-02]","[  9.99999975e+01   3.00002939e-01   4.12165907e-06   1.00000213e+00
   1.00000000e+01   1.27141267e-03   9.99996476e-02   2.49999999e+01
   1.00084603e-02   5.00000000e+04   2.30000001e+01   3.33333333e+02
   1.00006125e-02]","[  9.99379268e+01   4.52214482e-01   5.01969989e-06   2.09448358e+00
   4.88861010e-01   1.50557822e-01   5.73866186e-02   2.49548383e+01
   6.67137493e-01   5.00003577e+04   1.66253992e+01   3.43964271e+02
   9.91856513e-03]","[  9.99999972e+01   3.00003604e-01   3.76105024e-06   1.00000237e+00
   1.00000000e+01   1.29119079e-03   9.99996240e-02   2.49999999e+01
   1.00089683e-02   5.00000000e+04   2.30000001e+01   3.33333333e+02
   1.00014287e-02]","[  9.99999970e+01   3.00003552e-01   3.92185098e-06   1.00000253e+00
   1.00000000e+01   1.31908655e-03   9.99995870e-02   2.49999999e+01
   1.00098884e-02   5.00000000e+04   2.30000001e+01   3.33333333e+02
   1.00009324e-02]","[  8.75743567e+01   1.09418795e-01   1.19124746e-05   1.09536349e-01
   9.11976900e+00   2.94791078e-01   1.08653435e-01   1.25427581e+01
   4.82116299e+00   5.01075609e+04   1.91178539e+01   1.52498781e+02
   2.41747024e-01]","[  5.37341087e+01   1.11859120e-02   1.42936011e-05   1.12904653e+00
   1.72607900e+01   9.65275739e-02   4.49511027e-02   2.63527692e+01
   5.88326272e-01   4.96681065e+04   3.48294386e+01   3.38787513e+02
   1.22844941e-01]","[  9.99999978e+01   3.00002644e-01   4.10329128e-06   1.00000185e+00
   1.00000000e+01   1.22828114e-03   9.99997058e-02   2.49999999e+01
   1.00070246e-02   5.00000000e+04   2.30000001e+01   3.33333333e+02
   1.00010931e-02]","[  1.02813596e+02   3.52693306e-01   7.39522700e-06   2.05939253e+00
   8.55278591e+00   3.96213210e-02   1.07178519e-01   1.51382391e+01
   1.90158180e-01   5.01603203e+04   2.02186428e+01   3.82095605e+02
   1.17058865e-01]","[  9.99996535e+01   3.51140205e-01   6.98852469e-06   6.14893949e-01
   1.95662008e+01   2.00086641e-02   9.98901046e-02   2.49999412e+01
   3.86015806e-02   4.99999801e+04   2.10134164e+01   3.33611567e+02
   1.13167499e-01]","[  9.99999971e+01   3.00003247e-01   4.03346605e-06   1.00000250e+00
   1.00000000e+01   1.31869760e-03   9.99995871e-02   2.49999999e+01
   1.00099268e-02   5.00000000e+04   2.30000001e+01   3.33333333e+02
   1.00007122e-02]","[  9.99987651e+01   2.99992662e-01   4.11559790e-06   9.99598021e-01
   9.99508540e+00   2.07511884e-02   9.94340480e-02   2.49965414e+01
   1.14054128e-02   4.99999988e+04   2.29922257e+01   3.33328574e+02
   1.05076529e-02]","[  9.79598606e+01   9.01232206e-01   1.33218959e-05   1.19755174e-03
   1.09942767e+01   3.83095949e-02   1.04586589e-01   3.65662407e+01
   2.28623700e-01   5.01336189e+04   1.81463217e+01   3.53076806e+02
   5.77764729e-02]","[  1.00348104e+02   8.89138277e-01   1.65149383e-05   9.99431672e-01
   1.05256126e+01   3.03397903e-02   1.01691160e-01   2.58271718e+01
   9.13521169e-02   5.00171350e+04   2.26842056e+01   3.33394432e+02
   1.42124765e-02]","[  9.99995887e+01   3.00711904e-01   5.91469267e-06   1.00025172e+00
   1.00000303e+01   3.23596809e-02   9.96948087e-02   2.49999780e+01
   1.21137743e-02   4.99999997e+04   2.30000123e+01   3.33333334e+02
   9.99426755e-03]","[  9.99997437e+01   3.00223508e-01   6.21959930e-06   1.00022040e+00
   1.00000030e+01   3.27952141e-02   9.99580266e-02   2.49999898e+01
   1.10168324e-02   4.99999998e+04   2.30000087e+01   3.33333334e+02
   9.99798264e-03]","[  9.99997582e+01   3.00318904e-01   4.80085435e-06   1.00014799e+00
   1.00000093e+01   2.26039053e-02   9.98914728e-02   2.49999884e+01
   1.09504117e-02   4.99999998e+04   2.30000074e+01   3.33333334e+02
   9.99759816e-03]","[  8.44131071e+01   9.36975455e-01   2.07917591e-05   4.48392362e-01
   7.94072270e+00   6.74294667e-02   1.88184267e-01   1.82156707e+01
   8.48394786e-01   4.84648731e+04   2.77739351e+01   3.33981921e+02
   4.35722022e-02]","[  9.99999958e+01   3.00004489e-01   3.96384982e-06   1.00000361e+00
   1.00000000e+01   1.47175128e-03   9.99993894e-02   2.49999999e+01
   1.00146868e-02   5.00000000e+04   2.30000002e+01   3.33333333e+02
   1.00001882e-02]","[  9.99998048e+01   3.00146389e-01   5.04267609e-06   1.00017351e+00
   1.00000024e+01   2.57110664e-02   9.99674783e-02   2.49999922e+01
   1.07823423e-02   4.99999998e+04   2.30000066e+01   3.33333333e+02
   9.86390005e-03]"
4,"[  1.00234330e+02   6.22551936e-01   2.03933660e-04   6.84269967e-02
   4.78255933e-01   5.23282065e+00   5.08055091e+04   1.95740628e+01
   3.63611082e+02   1.00000000e-02]","[  8.87508318e+01   9.54615586e-01   6.25195157e-05   3.70712828e-01
   1.05246387e+00   6.43926725e+00   5.00951765e+04   1.67837697e+01
   3.41866337e+02   1.00000000e-02]","[  8.39491008e+01   3.31206000e-01   1.58915408e-03   3.77748912e-03
   1.11726914e+00   6.74854416e+00   4.99753282e+04   8.07109509e+00
   2.02184888e+02   1.00000000e-02]","[  7.48206898e+01   7.37059582e+00   7.30115936e-04   7.96781310e-02
   8.86725313e-01   6.76404051e+00   4.94236460e+04   4.29164576e+00
   2.46573939e+01   1.00000000e-02]","[  7.98809779e+01   7.52446895e-01   2.49827876e-04   6.35315368e-02
   1.84424299e+00   1.01112045e+01   5.00257201e+04   8.39911681e+00
   2.10524840e+02   1.00000000e-02]","[  9.83874717e+01   1.12336838e+00   5.85452974e-05   7.26608896e-01
   1.06527231e+00   6.46804322e+00   4.98589595e+04   2.84286540e+01
   3.29259889e+02   1.00000000e-02]","[  9.75935155e+01   5.16499255e-01   1.02338232e-03   1.22252859e-02
   1.00193669e+00   5.14507648e+00   5.00300863e+04   2.16226565e+01
   3.33456252e+02   1.00000000e-02]","[  8.03703270e+01   1.32098576e+00   3.41184477e-04   5.82365216e-02
   1.80360250e+00   7.34947121e+00   5.00209299e+04   8.26306196e+00
   2.04829981e+02   1.00000000e-02]","[  9.99186555e+01   6.25947628e-01   1.51388478e-04   3.61226455e-02
   1.12771821e+00   4.52938681e+00   5.00110925e+04   9.54938922e+00
   2.03723941e+02   1.00000000e-02]","[  8.36606479e+01   6.09115541e-01   3.72352074e-04   3.72704572e-02
   2.99421591e+00   1.05277381e+01   5.00166555e+04   9.00427905e+00
   2.07354548e+02   1.00000000e-02]","[  8.04413754e+01   1.16919631e+00   1.44104096e-04   7.09239970e-02
   1.00076568e+00   4.49878517e+00   5.13898421e+04   8.01671968e+00
   2.33221492e+02   1.00000000e-02]","[  8.40405436e+01   8.57242233e-01   1.88068006e-04   5.49931966e-02
   1.00594535e+00   7.06538374e+00   5.24259979e+04   7.48210719e+00
   1.62306411e+02   1.00000000e-02]","[  9.82649865e+01   3.52665727e-01   1.84092620e-03   5.10339367e-03
   1.02662006e+00   4.78924320e+00   5.00398586e+04   2.11702006e+01
   3.84366501e+02   1.00000000e-02]","[  9.41560722e+01   1.83922754e-01   3.31170572e-04   1.29796136e-02
   1.04968435e+00   7.95873306e+00   5.03106291e+04   6.89037002e+00
   3.75329570e+02   1.00000000e-02]","[  8.96944739e+01   4.97856225e-01   5.43439189e-05   1.21668047e-01
   9.52251717e-01   5.44525360e+00   4.94629007e+04   1.04154608e+01
   4.60790176e+02   1.00000000e-02]","[  9.90182490e+01   9.75459063e-01   1.61501351e-04   3.81826046e-02
   1.18588083e+00   4.40410509e+00   4.99939121e+04   7.01712615e+00
   1.88657792e+02   1.00000000e-02]","[  7.49819199e+01   1.28828025e-01   3.96095881e-03   1.77591865e-03
   6.99657184e-01   7.23549832e+00   4.08773292e+04   1.24651430e+01
   4.69276492e+02   1.00000000e-02]","[  1.05944253e+02   6.30176481e-01   1.51088057e-04   6.32530359e-02
   3.21096716e+00   3.13465799e+00   4.99978664e+04   2.26113143e+01
   8.60440753e+02   1.00000000e-02]","[  9.99629239e+01   3.12559068e-01   1.19152476e-02   9.19270319e-04
   1.00001189e+00   1.03685786e+00   4.99999697e+04   2.30024636e+01
   3.33333351e+02   1.00000000e-02]","[  9.99535533e+01   3.09446295e-01   6.17958793e-03   1.26776227e-03
   9.99996443e-01   1.04567353e+00   4.99999633e+04   2.30017795e+01
   3.33333362e+02   1.00000000e-02]","[  8.79047212e+01   1.50518706e+00   6.17892481e-04   2.31484395e-02
   1.68947824e+00   5.72577524e+00   5.00009462e+04   7.28864805e+00
   1.83912869e+02   1.00000000e-02]","[  9.99279094e+01   3.45461590e-01   5.52479466e-02   2.63885657e-04
   1.00003265e+00   1.06900948e+00   4.99999456e+04   2.30018643e+01
   3.33333382e+02   1.00000000e-02]","[  9.14621723e+01   8.56185841e-01   4.07943641e-04   2.28240460e-02
   9.78557692e-01   7.33885732e+00   4.99487637e+04   6.75105929e+00
   3.37242671e+02   1.00000000e-02]","[  7.66258162e+01   1.10973229e+00   4.98626111e-04   4.95670128e-02
   1.71094854e+00   9.97172704e+00   5.00210272e+04   8.57089357e+00
   2.17318378e+02   1.00000000e-02]","[  8.01788506e+01   1.17488165e+00   3.42719407e-04   6.53302618e-02
   1.60034646e+00   9.45918052e+00   5.00225913e+04   8.08153749e+00
   2.19223074e+02   1.00000000e-02]"
5,"[  8.09524877e+01   4.80085771e-01   1.74439074e-05   6.61641583e+00
   5.00289802e+04   2.20219019e+01   3.63103304e+02]","[  8.69127334e+01   5.23091533e-01   1.09101148e-05   6.52622790e+00
   4.89572558e+04   1.28075976e+01   3.83167478e+02]","[  9.97469709e+01   5.05201347e-01   4.33367180e-06   7.17237591e+00
   5.00041384e+04   4.98551365e+00   5.91266789e+02]","[  9.82710759e+01   7.21317573e-01   9.05457746e-06   6.53662956e+00
   5.00153949e+04   9.55818797e+00   3.36437643e+02]","[  9.70295763e+01   7.88861349e-01   8.06950558e-06   6.16890545e+00
   5.00108403e+04   8.11918709e+00   3.46180986e+02]","[  8.51879756e+01   1.02390789e+00   2.53282700e-05   7.19008667e+00
   5.01795894e+04   1.46654618e+01   3.34181357e+02]","[  9.72572323e+01   1.45332591e+00   2.53396780e-05   9.30035653e+00
   5.00063617e+04   9.18064568e+00   3.37498930e+02]","[  5.35568436e+01   1.62079149e-01   1.49250015e-05   1.37935049e+01
   3.82781490e+04   1.38555738e+01   4.28700452e+02]","[  9.77181131e+01   8.00435647e-01   8.36862349e-06   5.99012750e+00
   5.00134593e+04   8.61426635e+00   3.40948163e+02]","[  9.84577774e+01   4.35653882e-01   4.27112975e-06   1.37024915e+01
   4.86967285e+04   3.06384422e+00   3.67880621e+02]","[  9.98237841e+01   4.92550161e-01   5.40049950e-06   6.21866967e+00
   5.00058766e+04   7.09341425e+00   3.33815064e+02]","[  9.92000318e+01   8.45153954e-01   9.14439228e-06   6.41514727e+00
   5.00061008e+04   8.43242693e+00   3.34197512e+02]","[  9.67173705e+01   6.14508499e-01   1.23947796e-05   3.80337463e+00
   5.07372242e+04   2.45445314e+01   3.39239720e+02]","[  7.37582677e+01   3.09531319e-01   1.64059957e-05   8.78851560e+00
   5.00372930e+04   2.16575241e+01   3.77259360e+02]","[  8.82468048e+01   5.53316832e-01   1.98136484e-05   6.32282759e+00
   5.00227123e+04   2.47067110e+01   3.63736281e+02]","[  9.88333190e+01   1.18407135e+00   1.66038334e-05   8.10594546e+00
   5.00058192e+04   8.61958060e+00   3.37298181e+02]","[  9.99217849e+01   4.21863709e-01   3.76818841e-06   6.17081400e+00
   5.00081965e+04   6.94505862e+00   5.19578982e+02]","[  6.53274854e+01   1.04383404e+00   1.93675128e-04   4.49782935e+00
   4.51472637e+04   1.21229578e+02   2.67440148e+02]","[  7.63894280e+01   1.28868154e+00   1.55973628e-04   4.17732986e+00
   4.99287422e+04   1.10146743e+02   3.25258344e+02]","[  9.56023492e+01   1.57290164e+00   1.91037066e-04   5.11226613e+00
   4.99324514e+04   1.13047956e+02   3.25397272e+02]","[  9.29995480e+01   9.77132324e-01   2.17404246e-05   4.53092418e+00
   5.00017185e+04   2.31561221e+01   3.37812299e+02]","[  9.02165411e+01   7.87735513e-01   1.03585886e-04   4.82895300e+00
   5.09260176e+04   1.19472305e+02   3.29535086e+02]","[  8.56336924e+01   9.68815815e-01   3.45999136e-05   6.47349370e+00
   5.00071366e+04   2.38306421e+01   3.33416237e+02]","[  9.13621531e+01   3.21190817e-01   4.91102547e-06   2.22933515e+01
   5.05920675e+04   3.29198145e+00   5.51375851e+02]","[  9.99522291e+01   3.49331886e-01   3.29281278e-06   6.38282400e+00
   5.00115439e+04   7.00437136e+00   5.29143700e+02]"
